segment_count,mean_hz,median_hz,std_hz,p10_hz,p90_hz
1444,96.89843306239732,70.3125,90.25636561252553,31.25,187.5
