point_count,pearson_corr,linear_slope,linear_intercept,low_freq_high_snore_count
1444,0.05124291291107546,0.00017020567498768504,0.3532355765790429,430
