total_power,power_80_300hz,power_ratio_80_300hz,dominant_frequency_hz,dominant_amplitude
1013758848.0,709436352.0,0.6998078028118971,136.06965174129354,3522.28076171875
