segment_count,mean,median,std,p10,p90,count_over_0_5
1444,0.36972823978367714,0.259397953748703,0.2997906394914374,0.049560724198818226,0.8684872448444366,439
